"STATISTIC","AREA","DATA_VALUE","DAY","MONTH","YEAR","INDICATOR_NAME","INDICATOR_UNITS"
"mean","stock_area",32.3491992325794,1,1,1993,"bottomS","1e-3"
"mean","stock_area",32.4577655051377,1,2,1993,"bottomS","1e-3"
"mean","stock_area",32.342700468704,1,3,1993,"bottomS","1e-3"
"mean","stock_area",32.0788292285603,1,4,1993,"bottomS","1e-3"
"mean","stock_area",31.8079059975618,1,5,1993,"bottomS","1e-3"
"mean","stock_area",31.6383899563792,1,6,1993,"bottomS","1e-3"
"mean","stock_area",31.6212886583687,1,7,1993,"bottomS","1e-3"
"mean","stock_area",31.7062907440464,1,8,1993,"bottomS","1e-3"
"mean","stock_area",31.8225573926869,1,9,1993,"bottomS","1e-3"
"mean","stock_area",32.0313279078557,1,10,1993,"bottomS","1e-3"
"mean","stock_area",32.2512913142464,1,11,1993,"bottomS","1e-3"
"mean","stock_area",32.3500000647888,1,12,1993,"bottomS","1e-3"
"mean","stock_area",32.5265401446538,1,1,1994,"bottomS","1e-3"
"mean","stock_area",32.6106543660799,1,2,1994,"bottomS","1e-3"
"mean","stock_area",32.439353289172,1,3,1994,"bottomS","1e-3"
"mean","stock_area",32.1695793788123,1,4,1994,"bottomS","1e-3"
"mean","stock_area",31.9641558973279,1,5,1994,"bottomS","1e-3"
"mean","stock_area",31.7477499140371,1,6,1994,"bottomS","1e-3"
"mean","stock_area",31.8648626584636,1,7,1994,"bottomS","1e-3"
"mean","stock_area",32.1046827335169,1,8,1994,"bottomS","1e-3"
"mean","stock_area",32.3433687031405,1,9,1994,"bottomS","1e-3"
"mean","stock_area",32.4964947144856,1,10,1994,"bottomS","1e-3"
"mean","stock_area",32.6215891972445,1,11,1994,"bottomS","1e-3"
"mean","stock_area",32.6541694472604,1,12,1994,"bottomS","1e-3"
"mean","stock_area",32.3688120424339,1,1,1995,"bottomS","1e-3"
"mean","stock_area",32.2351081888819,1,2,1995,"bottomS","1e-3"
"mean","stock_area",32.169291142553,1,3,1995,"bottomS","1e-3"
"mean","stock_area",32.0802435617091,1,4,1995,"bottomS","1e-3"
"mean","stock_area",31.8322103925997,1,5,1995,"bottomS","1e-3"
"mean","stock_area",31.3270546956001,1,6,1995,"bottomS","1e-3"
"mean","stock_area",31.2878803810997,1,7,1995,"bottomS","1e-3"
"mean","stock_area",31.6537538079569,1,8,1995,"bottomS","1e-3"
"mean","stock_area",32.0574233265025,1,9,1995,"bottomS","1e-3"
"mean","stock_area",32.2180452136165,1,10,1995,"bottomS","1e-3"
"mean","stock_area",32.3974036342391,1,11,1995,"bottomS","1e-3"
"mean","stock_area",32.5623604003837,1,12,1995,"bottomS","1e-3"
"mean","stock_area",32.3312508190123,1,1,1996,"bottomS","1e-3"
"mean","stock_area",31.9202492068219,1,2,1996,"bottomS","1e-3"
"mean","stock_area",31.8569273487448,1,3,1996,"bottomS","1e-3"
"mean","stock_area",31.7431976916857,1,4,1996,"bottomS","1e-3"
"mean","stock_area",31.603461025148,1,5,1996,"bottomS","1e-3"
"mean","stock_area",31.4823167340409,1,6,1996,"bottomS","1e-3"
"mean","stock_area",31.5071696784781,1,7,1996,"bottomS","1e-3"
"mean","stock_area",31.577296025319,1,8,1996,"bottomS","1e-3"
"mean","stock_area",31.5228798612782,1,9,1996,"bottomS","1e-3"
"mean","stock_area",31.4607341560079,1,10,1996,"bottomS","1e-3"
"mean","stock_area",31.5219396241094,1,11,1996,"bottomS","1e-3"
"mean","stock_area",31.4657825693681,1,12,1996,"bottomS","1e-3"
"mean","stock_area",31.5514075808732,1,1,1997,"bottomS","1e-3"
"mean","stock_area",31.9343799785721,1,2,1997,"bottomS","1e-3"
"mean","stock_area",32.1300576523071,1,3,1997,"bottomS","1e-3"
"mean","stock_area",32.1635094560564,1,4,1997,"bottomS","1e-3"
"mean","stock_area",31.876007864517,1,5,1997,"bottomS","1e-3"
"mean","stock_area",31.6534400048005,1,6,1997,"bottomS","1e-3"
"mean","stock_area",31.5939614425973,1,7,1997,"bottomS","1e-3"
"mean","stock_area",31.5658440019734,1,8,1997,"bottomS","1e-3"
"mean","stock_area",31.6594146734326,1,9,1997,"bottomS","1e-3"
"mean","stock_area",31.9389182553433,1,10,1997,"bottomS","1e-3"
"mean","stock_area",32.0397803966816,1,11,1997,"bottomS","1e-3"
"mean","stock_area",31.9329401003161,1,12,1997,"bottomS","1e-3"
"mean","stock_area",31.8858328119817,1,1,1998,"bottomS","1e-3"
"mean","stock_area",31.6714512824286,1,2,1998,"bottomS","1e-3"
"mean","stock_area",31.3980840318365,1,3,1998,"bottomS","1e-3"
"mean","stock_area",31.2366497057227,1,4,1998,"bottomS","1e-3"
"mean","stock_area",31.1535210460538,1,5,1998,"bottomS","1e-3"
"mean","stock_area",31.0642108394277,1,6,1998,"bottomS","1e-3"
"mean","stock_area",30.9662238830659,1,7,1998,"bottomS","1e-3"
"mean","stock_area",31.1982389378893,1,8,1998,"bottomS","1e-3"
"mean","stock_area",31.4584958264597,1,9,1998,"bottomS","1e-3"
"mean","stock_area",31.731211068879,1,10,1998,"bottomS","1e-3"
"mean","stock_area",31.9933925085366,1,11,1998,"bottomS","1e-3"
"mean","stock_area",32.1246825477501,1,12,1998,"bottomS","1e-3"
"mean","stock_area",32.2559435554615,1,1,1999,"bottomS","1e-3"
"mean","stock_area",32.3154162503524,1,2,1999,"bottomS","1e-3"
"mean","stock_area",32.4010215070714,1,3,1999,"bottomS","1e-3"
"mean","stock_area",32.2774122910743,1,4,1999,"bottomS","1e-3"
"mean","stock_area",32.0201816079459,1,5,1999,"bottomS","1e-3"
"mean","stock_area",31.9231278607615,1,6,1999,"bottomS","1e-3"
"mean","stock_area",31.9153703935076,1,7,1999,"bottomS","1e-3"
"mean","stock_area",32.0781133423665,1,8,1999,"bottomS","1e-3"
"mean","stock_area",32.2916754761091,1,9,1999,"bottomS","1e-3"
"mean","stock_area",32.4619400739125,1,10,1999,"bottomS","1e-3"
"mean","stock_area",32.7356629266325,1,11,1999,"bottomS","1e-3"
"mean","stock_area",32.9688447166379,1,12,1999,"bottomS","1e-3"
"mean","stock_area",33.0197941634098,1,1,2000,"bottomS","1e-3"
"mean","stock_area",32.9592255100619,1,2,2000,"bottomS","1e-3"
"mean","stock_area",32.7395247759387,1,3,2000,"bottomS","1e-3"
"mean","stock_area",32.5374483237808,1,4,2000,"bottomS","1e-3"
"mean","stock_area",32.3201811340867,1,5,2000,"bottomS","1e-3"
"mean","stock_area",32.1787767664495,1,6,2000,"bottomS","1e-3"
"mean","stock_area",32.0424987084068,1,7,2000,"bottomS","1e-3"
"mean","stock_area",32.0473798300052,1,8,2000,"bottomS","1e-3"
"mean","stock_area",32.2130699608041,1,9,2000,"bottomS","1e-3"
"mean","stock_area",32.447992849241,1,10,2000,"bottomS","1e-3"
"mean","stock_area",32.5581556786496,1,11,2000,"bottomS","1e-3"
"mean","stock_area",32.4561512461166,1,12,2000,"bottomS","1e-3"
"mean","stock_area",32.4161645449125,1,1,2001,"bottomS","1e-3"
"mean","stock_area",32.1322040862921,1,2,2001,"bottomS","1e-3"
"mean","stock_area",31.877374566246,1,3,2001,"bottomS","1e-3"
"mean","stock_area",31.5973236421003,1,4,2001,"bottomS","1e-3"
"mean","stock_area",31.5862633050714,1,5,2001,"bottomS","1e-3"
"mean","stock_area",31.4320553476721,1,6,2001,"bottomS","1e-3"
"mean","stock_area",31.6119785454104,1,7,2001,"bottomS","1e-3"
"mean","stock_area",31.7419460221092,1,8,2001,"bottomS","1e-3"
"mean","stock_area",32.0765560728307,1,9,2001,"bottomS","1e-3"
"mean","stock_area",32.3622377167562,1,10,2001,"bottomS","1e-3"
"mean","stock_area",32.6059278065434,1,11,2001,"bottomS","1e-3"
"mean","stock_area",32.7450148153196,1,12,2001,"bottomS","1e-3"
"mean","stock_area",32.8021353919907,1,1,2002,"bottomS","1e-3"
"mean","stock_area",32.6921594885589,1,2,2002,"bottomS","1e-3"
"mean","stock_area",32.465764729194,1,3,2002,"bottomS","1e-3"
"mean","stock_area",32.3174151720568,1,4,2002,"bottomS","1e-3"
"mean","stock_area",32.1632990085343,1,5,2002,"bottomS","1e-3"
"mean","stock_area",32.0512219898953,1,6,2002,"bottomS","1e-3"
"mean","stock_area",32.0032383903509,1,7,2002,"bottomS","1e-3"
"mean","stock_area",32.1344180372228,1,8,2002,"bottomS","1e-3"
"mean","stock_area",32.3581514394837,1,9,2002,"bottomS","1e-3"
"mean","stock_area",32.6587762302419,1,10,2002,"bottomS","1e-3"
"mean","stock_area",32.9501303580546,1,11,2002,"bottomS","1e-3"
"mean","stock_area",33.035364809058,1,12,2002,"bottomS","1e-3"
"mean","stock_area",32.8380684195269,1,1,2003,"bottomS","1e-3"
"mean","stock_area",32.7230952597718,1,2,2003,"bottomS","1e-3"
"mean","stock_area",32.8128458765383,1,3,2003,"bottomS","1e-3"
"mean","stock_area",32.6556860581665,1,4,2003,"bottomS","1e-3"
"mean","stock_area",32.3540629585191,1,5,2003,"bottomS","1e-3"
"mean","stock_area",31.9494172827669,1,6,2003,"bottomS","1e-3"
"mean","stock_area",31.8616725169151,1,7,2003,"bottomS","1e-3"
"mean","stock_area",31.9805888955319,1,8,2003,"bottomS","1e-3"
"mean","stock_area",32.2593312521337,1,9,2003,"bottomS","1e-3"
"mean","stock_area",32.5060453102594,1,10,2003,"bottomS","1e-3"
"mean","stock_area",32.688887855431,1,11,2003,"bottomS","1e-3"
"mean","stock_area",32.8880241405664,1,12,2003,"bottomS","1e-3"
"mean","stock_area",33.0262337515396,1,1,2004,"bottomS","1e-3"
"mean","stock_area",32.921574808311,1,2,2004,"bottomS","1e-3"
"mean","stock_area",32.4076133329997,1,3,2004,"bottomS","1e-3"
"mean","stock_area",32.3551844824205,1,4,2004,"bottomS","1e-3"
"mean","stock_area",32.0796218168981,1,5,2004,"bottomS","1e-3"
"mean","stock_area",31.9205246480112,1,6,2004,"bottomS","1e-3"
"mean","stock_area",31.7682458306666,1,7,2004,"bottomS","1e-3"
"mean","stock_area",31.7422365521259,1,8,2004,"bottomS","1e-3"
"mean","stock_area",31.9956517535498,1,9,2004,"bottomS","1e-3"
"mean","stock_area",32.0513521224964,1,10,2004,"bottomS","1e-3"
"mean","stock_area",32.1463603857175,1,11,2004,"bottomS","1e-3"
"mean","stock_area",32.1309523557037,1,12,2004,"bottomS","1e-3"
"mean","stock_area",32.0632631326575,1,1,2005,"bottomS","1e-3"
"mean","stock_area",32.056517993959,1,2,2005,"bottomS","1e-3"
"mean","stock_area",32.0526676352298,1,3,2005,"bottomS","1e-3"
"mean","stock_area",31.8987107433078,1,4,2005,"bottomS","1e-3"
"mean","stock_area",31.6552169869533,1,5,2005,"bottomS","1e-3"
"mean","stock_area",31.2174321310446,1,6,2005,"bottomS","1e-3"
"mean","stock_area",31.1054933218219,1,7,2005,"bottomS","1e-3"
"mean","stock_area",31.1974161108849,1,8,2005,"bottomS","1e-3"
"mean","stock_area",31.5594532088478,1,9,2005,"bottomS","1e-3"
"mean","stock_area",31.8254129013213,1,10,2005,"bottomS","1e-3"
"mean","stock_area",32.1835312505578,1,11,2005,"bottomS","1e-3"
"mean","stock_area",32.4520638038072,1,12,2005,"bottomS","1e-3"
"mean","stock_area",32.6305146809307,1,1,2006,"bottomS","1e-3"
"mean","stock_area",32.5373565197354,1,2,2006,"bottomS","1e-3"
"mean","stock_area",32.3909978612361,1,3,2006,"bottomS","1e-3"
"mean","stock_area",32.2649770171608,1,4,2006,"bottomS","1e-3"
"mean","stock_area",32.0521760695051,1,5,2006,"bottomS","1e-3"
"mean","stock_area",31.6538293508746,1,6,2006,"bottomS","1e-3"
"mean","stock_area",31.6376403218812,1,7,2006,"bottomS","1e-3"
"mean","stock_area",31.8186839264218,1,8,2006,"bottomS","1e-3"
"mean","stock_area",32.0083612513197,1,9,2006,"bottomS","1e-3"
"mean","stock_area",32.3044604281842,1,10,2006,"bottomS","1e-3"
"mean","stock_area",32.628655274588,1,11,2006,"bottomS","1e-3"
"mean","stock_area",32.6701027288386,1,12,2006,"bottomS","1e-3"
"mean","stock_area",32.8353349129298,1,1,2007,"bottomS","1e-3"
"mean","stock_area",32.9866700575539,1,2,2007,"bottomS","1e-3"
"mean","stock_area",32.8832325771939,1,3,2007,"bottomS","1e-3"
"mean","stock_area",32.613290194056,1,4,2007,"bottomS","1e-3"
"mean","stock_area",32.2824014023071,1,5,2007,"bottomS","1e-3"
"mean","stock_area",32.0746465887809,1,6,2007,"bottomS","1e-3"
"mean","stock_area",31.7198021010597,1,7,2007,"bottomS","1e-3"
"mean","stock_area",31.7914694548561,1,8,2007,"bottomS","1e-3"
"mean","stock_area",32.0192739772869,1,9,2007,"bottomS","1e-3"
"mean","stock_area",32.1979862410697,1,10,2007,"bottomS","1e-3"
"mean","stock_area",32.5238753650721,1,11,2007,"bottomS","1e-3"
"mean","stock_area",32.791188893024,1,12,2007,"bottomS","1e-3"
"mean","stock_area",32.7872619207633,1,1,2008,"bottomS","1e-3"
"mean","stock_area",32.6256776738512,1,2,2008,"bottomS","1e-3"
"mean","stock_area",32.4577654441258,1,3,2008,"bottomS","1e-3"
"mean","stock_area",32.4112089902321,1,4,2008,"bottomS","1e-3"
"mean","stock_area",32.0680013454696,1,5,2008,"bottomS","1e-3"
"mean","stock_area",31.7442145903239,1,6,2008,"bottomS","1e-3"
"mean","stock_area",31.6556481581468,1,7,2008,"bottomS","1e-3"
"mean","stock_area",31.7688642169171,1,8,2008,"bottomS","1e-3"
"mean","stock_area",32.0022610303381,1,9,2008,"bottomS","1e-3"
"mean","stock_area",32.1352583296137,1,10,2008,"bottomS","1e-3"
"mean","stock_area",32.3192513880617,1,11,2008,"bottomS","1e-3"
"mean","stock_area",32.4396647186744,1,12,2008,"bottomS","1e-3"
"mean","stock_area",32.7319044329606,1,1,2009,"bottomS","1e-3"
"mean","stock_area",32.6414192342068,1,2,2009,"bottomS","1e-3"
"mean","stock_area",32.5378352903902,1,3,2009,"bottomS","1e-3"
"mean","stock_area",32.2896649083924,1,4,2009,"bottomS","1e-3"
"mean","stock_area",32.0247163779846,1,5,2009,"bottomS","1e-3"
"mean","stock_area",31.8886904967076,1,6,2009,"bottomS","1e-3"
"mean","stock_area",31.8342046744934,1,7,2009,"bottomS","1e-3"
"mean","stock_area",31.8938296870793,1,8,2009,"bottomS","1e-3"
"mean","stock_area",32.128181867171,1,9,2009,"bottomS","1e-3"
"mean","stock_area",32.5690627682781,1,10,2009,"bottomS","1e-3"
"mean","stock_area",32.7768211422853,1,11,2009,"bottomS","1e-3"
"mean","stock_area",32.7134701495668,1,12,2009,"bottomS","1e-3"
"mean","stock_area",32.4983425198487,1,1,2010,"bottomS","1e-3"
"mean","stock_area",32.2701010649566,1,2,2010,"bottomS","1e-3"
"mean","stock_area",32.0424313192956,1,3,2010,"bottomS","1e-3"
"mean","stock_area",31.7663271556079,1,4,2010,"bottomS","1e-3"
"mean","stock_area",31.6216652093729,1,5,2010,"bottomS","1e-3"
"mean","stock_area",31.5066095063093,1,6,2010,"bottomS","1e-3"
"mean","stock_area",31.5886782655622,1,7,2010,"bottomS","1e-3"
"mean","stock_area",31.7631893448492,1,8,2010,"bottomS","1e-3"
"mean","stock_area",31.9612678562696,1,9,2010,"bottomS","1e-3"
"mean","stock_area",32.261069908636,1,10,2010,"bottomS","1e-3"
"mean","stock_area",32.5693741977805,1,11,2010,"bottomS","1e-3"
"mean","stock_area",32.8834452356715,1,12,2010,"bottomS","1e-3"
"mean","stock_area",32.5404920207573,1,1,2011,"bottomS","1e-3"
"mean","stock_area",32.1681812951697,1,2,2011,"bottomS","1e-3"
"mean","stock_area",31.9791141141033,1,3,2011,"bottomS","1e-3"
"mean","stock_area",31.9263261546638,1,4,2011,"bottomS","1e-3"
"mean","stock_area",31.7310215949286,1,5,2011,"bottomS","1e-3"
"mean","stock_area",31.4241700255953,1,6,2011,"bottomS","1e-3"
"mean","stock_area",31.2951276420367,1,7,2011,"bottomS","1e-3"
"mean","stock_area",31.4516343743585,1,8,2011,"bottomS","1e-3"
"mean","stock_area",31.8208734072172,1,9,2011,"bottomS","1e-3"
"mean","stock_area",31.9870145438921,1,10,2011,"bottomS","1e-3"
"mean","stock_area",32.1688693236143,1,11,2011,"bottomS","1e-3"
"mean","stock_area",32.3418892296052,1,12,2011,"bottomS","1e-3"
"mean","stock_area",32.5817384102466,1,1,2012,"bottomS","1e-3"
"mean","stock_area",32.6970835698078,1,2,2012,"bottomS","1e-3"
"mean","stock_area",32.7144021515799,1,3,2012,"bottomS","1e-3"
"mean","stock_area",32.3079016976745,1,4,2012,"bottomS","1e-3"
"mean","stock_area",31.8569877868559,1,5,2012,"bottomS","1e-3"
"mean","stock_area",31.6587081351356,1,6,2012,"bottomS","1e-3"
"mean","stock_area",31.3994391267752,1,7,2012,"bottomS","1e-3"
"mean","stock_area",31.5161694746751,1,8,2012,"bottomS","1e-3"
"mean","stock_area",31.9018590597369,1,9,2012,"bottomS","1e-3"
"mean","stock_area",32.3244857904299,1,10,2012,"bottomS","1e-3"
"mean","stock_area",32.908177206558,1,11,2012,"bottomS","1e-3"
"mean","stock_area",33.0937183667755,1,12,2012,"bottomS","1e-3"
"mean","stock_area",32.8895455176651,1,1,2013,"bottomS","1e-3"
"mean","stock_area",32.8306712072856,1,2,2013,"bottomS","1e-3"
"mean","stock_area",32.7413191610134,1,3,2013,"bottomS","1e-3"
"mean","stock_area",32.5858015015392,1,4,2013,"bottomS","1e-3"
"mean","stock_area",32.3804755606728,1,5,2013,"bottomS","1e-3"
"mean","stock_area",31.8751408503606,1,6,2013,"bottomS","1e-3"
"mean","stock_area",31.534829265365,1,7,2013,"bottomS","1e-3"
"mean","stock_area",31.5791543072993,1,8,2013,"bottomS","1e-3"
"mean","stock_area",32.0868680290112,1,9,2013,"bottomS","1e-3"
"mean","stock_area",32.4384839420362,1,10,2013,"bottomS","1e-3"
"mean","stock_area",32.8178536283634,1,11,2013,"bottomS","1e-3"
"mean","stock_area",33.0682948941233,1,12,2013,"bottomS","1e-3"
"mean","stock_area",32.9906818276585,1,1,2014,"bottomS","1e-3"
"mean","stock_area",32.8663242104756,1,2,2014,"bottomS","1e-3"
"mean","stock_area",32.8266268945884,1,3,2014,"bottomS","1e-3"
"mean","stock_area",32.5470930928959,1,4,2014,"bottomS","1e-3"
"mean","stock_area",32.3966250060082,1,5,2014,"bottomS","1e-3"
"mean","stock_area",31.9933413398783,1,6,2014,"bottomS","1e-3"
"mean","stock_area",31.7122817072175,1,7,2014,"bottomS","1e-3"
"mean","stock_area",31.6998302665995,1,8,2014,"bottomS","1e-3"
"mean","stock_area",31.9426883311101,1,9,2014,"bottomS","1e-3"
"mean","stock_area",32.3101167700623,1,10,2014,"bottomS","1e-3"
"mean","stock_area",32.3265161492492,1,11,2014,"bottomS","1e-3"
"mean","stock_area",32.3295737002882,1,12,2014,"bottomS","1e-3"
"mean","stock_area",32.9504534350219,1,1,2015,"bottomS","1e-3"
"mean","stock_area",33.3028713293141,1,2,2015,"bottomS","1e-3"
"mean","stock_area",33.1015781713458,1,3,2015,"bottomS","1e-3"
"mean","stock_area",32.7261214623084,1,4,2015,"bottomS","1e-3"
"mean","stock_area",32.2911746685322,1,5,2015,"bottomS","1e-3"
"mean","stock_area",32.0546677350453,1,6,2015,"bottomS","1e-3"
"mean","stock_area",31.922152838086,1,7,2015,"bottomS","1e-3"
"mean","stock_area",32.1408285371965,1,8,2015,"bottomS","1e-3"
"mean","stock_area",32.2193503732093,1,9,2015,"bottomS","1e-3"
"mean","stock_area",32.4426340973296,1,10,2015,"bottomS","1e-3"
"mean","stock_area",32.7653016513845,1,11,2015,"bottomS","1e-3"
"mean","stock_area",32.9971156908371,1,12,2015,"bottomS","1e-3"
"mean","stock_area",32.9380403186017,1,1,2016,"bottomS","1e-3"
"mean","stock_area",32.7642278707581,1,2,2016,"bottomS","1e-3"
"mean","stock_area",32.5458158738542,1,3,2016,"bottomS","1e-3"
"mean","stock_area",32.2886073743671,1,4,2016,"bottomS","1e-3"
"mean","stock_area",32.1243187569519,1,5,2016,"bottomS","1e-3"
"mean","stock_area",32.0619696786362,1,6,2016,"bottomS","1e-3"
"mean","stock_area",31.9622208797923,1,7,2016,"bottomS","1e-3"
"mean","stock_area",32.0804957660754,1,8,2016,"bottomS","1e-3"
"mean","stock_area",32.3357367548249,1,9,2016,"bottomS","1e-3"
"mean","stock_area",32.733500135644,1,10,2016,"bottomS","1e-3"
"mean","stock_area",32.9851047199188,1,11,2016,"bottomS","1e-3"
"mean","stock_area",32.7877978319806,1,12,2016,"bottomS","1e-3"
"mean","stock_area",32.8620368698945,1,1,2017,"bottomS","1e-3"
"mean","stock_area",32.8097358073157,1,2,2017,"bottomS","1e-3"
"mean","stock_area",32.661466618848,1,3,2017,"bottomS","1e-3"
"mean","stock_area",32.5294246702637,1,4,2017,"bottomS","1e-3"
"mean","stock_area",32.2853614577608,1,5,2017,"bottomS","1e-3"
"mean","stock_area",31.8673345953657,1,6,2017,"bottomS","1e-3"
"mean","stock_area",31.4821028698517,1,7,2017,"bottomS","1e-3"
"mean","stock_area",31.6348732456576,1,8,2017,"bottomS","1e-3"
"mean","stock_area",32.0692239123633,1,9,2017,"bottomS","1e-3"
"mean","stock_area",32.5062510700328,1,10,2017,"bottomS","1e-3"
"mean","stock_area",32.9865027585287,1,11,2017,"bottomS","1e-3"
"mean","stock_area",33.1435660705799,1,12,2017,"bottomS","1e-3"
"mean","stock_area",33.3660433319626,1,1,2018,"bottomS","1e-3"
"mean","stock_area",33.3519856757275,1,2,2018,"bottomS","1e-3"
"mean","stock_area",32.843196996731,1,3,2018,"bottomS","1e-3"
"mean","stock_area",32.0577323881616,1,4,2018,"bottomS","1e-3"
"mean","stock_area",31.9886636581479,1,5,2018,"bottomS","1e-3"
"mean","stock_area",31.7675555767399,1,6,2018,"bottomS","1e-3"
"mean","stock_area",31.6497873406508,1,7,2018,"bottomS","1e-3"
"mean","stock_area",31.7034864476502,1,8,2018,"bottomS","1e-3"
"mean","stock_area",31.9836523734425,1,9,2018,"bottomS","1e-3"
"mean","stock_area",32.3645666693334,1,10,2018,"bottomS","1e-3"
"mean","stock_area",32.7082124813222,1,11,2018,"bottomS","1e-3"
"mean","stock_area",32.8011115162044,1,12,2018,"bottomS","1e-3"
"mean","stock_area",32.3897310403677,1,1,2019,"bottomS","1e-3"
"mean","stock_area",31.8552062070197,1,2,2019,"bottomS","1e-3"
"mean","stock_area",31.464792402664,1,3,2019,"bottomS","1e-3"
"mean","stock_area",31.6218825585045,1,4,2019,"bottomS","1e-3"
"mean","stock_area",31.5464416381882,1,5,2019,"bottomS","1e-3"
"mean","stock_area",31.1784623342893,1,6,2019,"bottomS","1e-3"
"mean","stock_area",30.9484660067998,1,7,2019,"bottomS","1e-3"
"mean","stock_area",31.0185388156865,1,8,2019,"bottomS","1e-3"
"mean","stock_area",31.3966743341404,1,9,2019,"bottomS","1e-3"
"mean","stock_area",31.9276928970674,1,10,2019,"bottomS","1e-3"
"mean","stock_area",32.4565277535409,1,11,2019,"bottomS","1e-3"
"mean","stock_area",32.7685614699911,1,12,2019,"bottomS","1e-3"
"mean","stock_area",32.2819749130516,1,1,2020,"bottomS","1e-3"
"mean","stock_area",31.7993803830521,1,2,2020,"bottomS","1e-3"
"mean","stock_area",31.9161339881124,1,3,2020,"bottomS","1e-3"
"mean","stock_area",31.9181026784137,1,4,2020,"bottomS","1e-3"
"mean","stock_area",31.692035557383,1,5,2020,"bottomS","1e-3"
"mean","stock_area",31.5514668554,1,6,2020,"bottomS","1e-3"
"mean","stock_area",31.6200195771542,1,7,2020,"bottomS","1e-3"
"mean","stock_area",31.7463320741559,1,8,2020,"bottomS","1e-3"
"mean","stock_area",32.0819983994425,1,9,2020,"bottomS","1e-3"
"mean","stock_area",32.4926503160394,1,10,2020,"bottomS","1e-3"
"mean","stock_area",32.753807865384,1,11,2020,"bottomS","1e-3"
"mean","stock_area",32.8908459038019,1,12,2020,"bottomS","1e-3"
"mean","stock_area",33.0519698521424,1,1,2021,"bottomS","1e-3"
"mean","stock_area",32.8058113118482,1,2,2021,"bottomS","1e-3"
"mean","stock_area",32.4082385482265,1,3,2021,"bottomS","1e-3"
"mean","stock_area",32.2595927186895,1,4,2021,"bottomS","1e-3"
"mean","stock_area",32.0152609985654,1,5,2021,"bottomS","1e-3"
"mean","stock_area",31.8819627565731,1,6,2021,"bottomS","1e-3"
"mean","stock_area",31.7768458797109,1,7,2021,"bottomS","1e-3"
"mean","stock_area",31.9871539720941,1,8,2021,"bottomS","1e-3"
"mean","stock_area",32.2208367527121,1,9,2021,"bottomS","1e-3"
"mean","stock_area",32.5066218641271,1,10,2021,"bottomS","1e-3"
"mean","stock_area",32.6031374862334,1,11,2021,"bottomS","1e-3"
"mean","stock_area",32.8010369654566,1,12,2021,"bottomS","1e-3"
"mean","stock_area",32.9032567061274,1,1,2022,"bottomS","1e-3"
"mean","stock_area",32.816249934572,1,2,2022,"bottomS","1e-3"
"mean","stock_area",32.6588737824811,1,3,2022,"bottomS","1e-3"
"mean","stock_area",32.5850704175683,1,4,2022,"bottomS","1e-3"
"mean","stock_area",32.2191051561598,1,5,2022,"bottomS","1e-3"
"mean","stock_area",31.825667377655,1,6,2022,"bottomS","1e-3"
"mean","stock_area",31.8338978586538,1,7,2022,"bottomS","1e-3"
"mean","stock_area",32.0066598135374,1,8,2022,"bottomS","1e-3"
"mean","stock_area",32.3440486097372,1,9,2022,"bottomS","1e-3"
"mean","stock_area",32.6123964450601,1,10,2022,"bottomS","1e-3"
"mean","stock_area",32.864920314722,1,11,2022,"bottomS","1e-3"
"mean","stock_area",33.0416558491575,1,12,2022,"bottomS","1e-3"
"mean","stock_area",32.8640382625815,1,1,2023,"bottomS","1e-3"
"mean","stock_area",32.6820521024194,1,2,2023,"bottomS","1e-3"
"mean","stock_area",32.3283024110235,1,3,2023,"bottomS","1e-3"
"mean","stock_area",31.9585309998279,1,4,2023,"bottomS","1e-3"
"mean","stock_area",31.6448004825008,1,5,2023,"bottomS","1e-3"
"mean","stock_area",31.3657943830178,1,6,2023,"bottomS","1e-3"
"mean","stock_area",30.8995097059379,1,7,2023,"bottomS","1e-3"
"mean","stock_area",31.0868789370697,1,8,2023,"bottomS","1e-3"
"mean","stock_area",31.7206318659902,1,9,2023,"bottomS","1e-3"
"mean","stock_area",31.8289121103396,1,10,2023,"bottomS","1e-3"
"mean","stock_area",31.7971791792533,1,11,2023,"bottomS","1e-3"
"mean","stock_area",31.9488362096596,1,12,2023,"bottomS","1e-3"
"mean","stock_area",31.7245844211273,1,1,2024,"bottomS","1e-3"
"mean","stock_area",31.4716259476254,1,2,2024,"bottomS","1e-3"
"mean","stock_area",31.4361635877808,1,3,2024,"bottomS","1e-3"
"mean","stock_area",31.4046886412133,1,4,2024,"bottomS","1e-3"
"mean","stock_area",31.2540624448569,1,5,2024,"bottomS","1e-3"
"mean","stock_area",31.0334552538277,1,6,2024,"bottomS","1e-3"
"mean","stock_area",31.0698415533968,1,7,2024,"bottomS","1e-3"
"mean","stock_area",31.1427245419714,1,8,2024,"bottomS","1e-3"
"mean","stock_area",31.3817451430566,1,9,2024,"bottomS","1e-3"
"mean","stock_area",31.6540536422904,1,10,2024,"bottomS","1e-3"
"mean","stock_area",32.2277085870073,1,11,2024,"bottomS","1e-3"
"mean","stock_area",32.3406004691433,1,12,2024,"bottomS","1e-3"
"mean","stock_area",32.3626921233201,1,1,2025,"bottomS","1e-3"
"mean","stock_area",32.3409921235014,1,2,2025,"bottomS","1e-3"
"mean","stock_area",32.4037572202661,1,3,2025,"bottomS","1e-3"
"mean","stock_area",32.2825594914386,1,4,2025,"bottomS","1e-3"
"mean","stock_area",32.0736888978469,1,5,2025,"bottomS","1e-3"
"mean","stock_area",31.6029125527399,1,6,2025,"bottomS","1e-3"
"mean","stock_area",31.4303388341365,1,7,2025,"bottomS","1e-3"
"mean","stock_area",31.7100166123238,1,8,2025,"bottomS","1e-3"
"mean","stock_area",32.0752591004557,1,9,2025,"bottomS","1e-3"
"mean","stock_area",32.2305432440939,1,10,2025,"bottomS","1e-3"
"mean","stock_area",32.3389082993611,1,11,2025,"bottomS","1e-3"
"mean","stock_area",32.4663237740952,1,12,2025,"bottomS","1e-3"
"mean","stock_area",32.3929618013241,1,1,2026,"bottomS","1e-3"
"mean","stock_area",32.2954538320642,1,2,2026,"bottomS","1e-3"
